first_name,other_name,last_name,center_number,candidate_number,examination_number,exam_type,year
Lisa,Melissa,Huynh,9196,834181,7518751,C,2023
Damon,Kenneth,Shah,5113,785096,9172475,B,2022
Bonnie,Scott,Warner,3137,256093,7039703,D,2022
Sheryl,Walter,Green,3721,558430,4996863,D,2022
Tina,Rebecca,Baxter,2652,198851,7664265,C,2021
Lawrence,Olivia,Andrews,1700,912829,1934097,D,2023
Sheila,Susan,Adkins,5586,553847,6761754,B,2022
Dawn,Gabriel,Buck,2007,459587,2168886,D,2020
Janet,Angela,Martinez,2526,298095,1066020,A,2023
Kristina,Shawn,Forbes,4604,934776,9796943,B,2022
Paul,James,Thomas,6224,375674,4337384,A,2021
Stephen,Kathryn,Williamson,2399,338053,9971593,A,2020
Christopher,Patty,Ball,6026,205691,1316918,A,2021
Jaime,Julia,Williams,2913,423418,3065088,B,2020
Jon,Debbie,Collins,5499,216703,6107531,B,2020
Jeffrey,Lisa,Johnson,3875,188195,4492665,A,2023
Frank,Michelle,Hughes,8576,782481,8091485,C,2022
Kimberly,Tracy,Thompson,9867,189897,1257953,D,2020
Kelly,Matthew,Wilson,3718,720739,1677293,D,2022
James,Teresa,Hernandez,1755,777112,1521908,C,2020
Joanna,William,Osborn,7925,854022,5756361,C,2020
Daniel,Valerie,Campbell,1885,467967,6536599,A,2020
Kevin,William,Brown,3851,357854,3275071,B,2020
Marcus,Leslie,Hamilton,3806,335211,2588161,D,2021
Alan,Damon,Kelley,2280,709669,9464932,A,2023
Katherine,William,Mooney,4393,616767,6832345,D,2022
Adriana,Hayden,Smith,4070,439867,3329157,B,2020
Erik,Lindsey,Perez,8189,183842,1948414,B,2021
Diana,Andrew,Tucker,4325,293615,2322991,C,2020
Lisa,David,Hernandez,4199,413690,4141897,A,2023
Matthew,Gerald,Rodriguez,9510,936502,1383933,A,2021
Sandra,John,Douglas,4474,735565,7944225,B,2023
Michael,Richard,Thompson,1217,700466,3833116,C,2023
Adam,James,Payne,6396,143331,2218847,D,2023
Barbara,Cody,Howard,9113,392413,7573368,B,2020
Ashley,Edwin,Valdez,9918,105652,3801107,D,2020
Nicole,Austin,Hodge,7914,738665,6872321,A,2021
Matthew,James,Tate,2108,468151,3114439,A,2021
Charlotte,Elizabeth,Patterson,5740,687309,8645052,C,2020
Amanda,Samantha,Massey,9097,549053,6803690,D,2022
Nicholas,Christopher,Nicholson,8029,636713,6106337,B,2020
Adam,Rebecca,Kim,1090,879110,3917437,A,2022
Frank,Janet,Rios,5424,267697,8375553,B,2020
William,Kevin,Roberts,5747,227427,1010461,D,2021
Patty,Kristen,Pineda,5538,480214,1983413,D,2022
Brenda,Jared,Walker,8981,530641,5095874,C,2022
Troy,Cheryl,Roberts,2733,165960,9953718,D,2020
Laura,Kathryn,Sanchez,8739,692773,5779167,B,2023
Paul,Heidi,Peterson,7434,813691,3693574,D,2023
Jane,Gabriel,Duffy,8636,763872,1934726,B,2020
Amy,Christopher,Walton,3709,361992,6045102,C,2023
Elizabeth,Shawn,Donaldson,1367,338691,3242444,A,2022
Marcus,Brendan,Vargas,7836,439307,5531081,B,2020
Danielle,Daniel,Sandoval,7873,626716,5238941,C,2020
Frank,Dawn,Moon,6644,388379,5548732,B,2021
Steven,Ryan,Salinas,2339,477134,9327645,D,2023
Lisa,Kelly,Lee,4287,236927,5760939,A,2020
Mercedes,Mark,Brown,4590,326115,1439379,A,2020
Judy,Brandon,Harris,6784,267758,3153206,A,2022
Jason,Daniel,Moody,4180,853004,1734319,C,2020
Dylan,Richard,Porter,6517,390581,8835374,D,2023
Paula,Marvin,Johnson,6053,614053,2577457,D,2022
Cody,Donald,Duncan,9223,878319,1027234,C,2020
Christina,Eric,Prince,3302,451132,6617083,D,2021
Amy,Justin,Adkins,9525,199368,5941267,C,2020
Brandon,Brandon,Rogers,5060,842225,5299436,B,2022
Eddie,Dwayne,Long,7860,225918,1580835,A,2022
Devin,Juan,Anderson,7799,565932,1128574,B,2020
Amber,Melissa,Waller,1449,938174,8543313,D,2020
Alexandra,Robert,Lopez,1280,140388,4888769,C,2021
Andrea,Wyatt,Blair,8076,180360,6100025,D,2022
Brittany,Benjamin,Peters,8435,599176,3988118,C,2023
James,Melissa,Moore,1887,242062,5620806,C,2022
Jennifer,Nicholas,Golden,2497,980563,3981155,B,2023
Jeff,Ellen,Owens,3060,865231,9044428,D,2022
James,Kevin,Guerra,1929,462268,4303537,A,2022
Dakota,Jody,Mathis,8551,599388,1672764,B,2021
Amber,Jeremy,Sandoval,3719,826454,8420167,C,2020
Alexis,Thomas,Hernandez,2596,866145,4229290,B,2023
Michael,Andres,White,5768,482634,1141226,A,2021
Benjamin,Jacob,Ibarra,1774,746570,3391379,A,2020
John,Jose,Nelson,9681,982180,5092235,B,2022
Bobby,Mary,Walters,1124,519691,3079206,C,2021
Jacob,Kyle,Phillips,8117,966448,1510882,C,2023
Andre,James,Fletcher,7866,878718,3777530,D,2023
Dana,John,Roy,7751,400767,5380545,D,2020
Courtney,Angel,Perez,4809,406010,9337330,D,2023
Matthew,Kristin,Hartman,8140,714870,4575066,C,2020
Kristina,Robert,Jenkins,6787,892738,1355328,D,2023
Alexis,Cindy,Hammond,5724,265320,5387351,C,2021
Cody,James,Gonzales,5518,238222,3782026,A,2020
Susan,Steven,Gonzalez,5339,474027,3692466,B,2021
Kathryn,Mandy,Phillips,5395,786531,5760364,B,2021
Robert,Keith,Franklin,5354,104390,3303714,B,2020
Michael,Lauren,Moreno,4146,313987,4235744,D,2023
Monique,Courtney,Cross,6345,277934,4443768,A,2022
Steven,Darius,Vang,3106,792300,2402433,C,2023
Morgan,Steven,Lawrence,1506,238084,2679664,B,2021
David,Donald,Simon,7245,726748,4461776,C,2020
Timothy,Terri,Cooper,2576,112313,1636048,B,2023
Robert,Holly,Lyons,2758,598382,7058627,A,2022
Jacob,Phillip,Robbins,8282,113453,2064374,B,2020
Sara,Marie,Hamilton,5686,144158,1936389,D,2022
John,Alec,Black,1938,638922,3618844,C,2023
Nicholas,Tanner,Lynch,7224,701098,5704823,A,2023
Jeremy,Rachael,Sanders,8340,282034,2060732,A,2023
William,Amy,Waters,7178,624754,2203919,C,2020
Douglas,Michael,Williams,8969,693351,1259838,D,2020
James,Joseph,Young,7649,334504,3401424,D,2022
Jason,Teresa,Brown,6835,814963,6045179,A,2020
Sandra,Steven,Harrison,4309,913755,2079173,A,2023
Benjamin,Melissa,Jarvis,7059,883924,3770877,B,2021
Brittney,John,Mcdonald,5051,569151,2524347,C,2020
Billy,Mark,Fernandez,6200,394761,3648721,C,2023
James,Matthew,Fox,7392,824559,2195209,A,2020
James,Amy,Franco,9348,889065,8134382,A,2021
Kelsey,Holly,Sims,7581,906207,2365007,C,2021
Joseph,Travis,Neal,2794,229745,9772636,C,2020
Timothy,Adam,Hernandez,5678,357388,4097831,A,2022
Kirk,Felicia,Newman,8851,424166,9909991,B,2022
Amber,Cindy,Powers,9204,560156,7611482,A,2020
Andre,Brenda,Tucker,1786,978334,9840409,A,2023
Christina,April,Gray,4762,256386,5184778,D,2023
Jose,Eric,Reid,3807,635510,1108845,C,2023
Jessica,Walter,Carlson,3465,408499,4476075,D,2021
Monica,Shawn,Williamson,5527,449761,2357051,B,2020
Zachary,Amy,Marshall,9449,736456,7412000,A,2022
Jacqueline,Beth,Johnson,5097,335170,6778133,A,2023
Larry,Douglas,Cortez,5800,583791,5337069,D,2022
Jeremy,Catherine,Odom,7376,569909,3180468,D,2020
Natalie,Valerie,Chen,4937,935400,4019432,D,2020
Timothy,Ronald,Lucero,8140,707153,5554832,C,2020
Logan,Lindsay,White,3840,912289,2374578,A,2021
Tina,Kenneth,Harper,7795,635376,2618014,B,2020
Susan,Nathan,Taylor,4708,980837,7268258,A,2020
Daniel,Patricia,Castillo,2319,182850,5038596,A,2023
Mary,Stephanie,Wright,7607,560178,7938455,A,2021
Garrett,Anna,Blankenship,1711,227608,6003256,C,2020
David,Stephanie,Bass,5302,469385,2835137,C,2023
Michelle,Ian,Sharp,4866,904520,9987501,B,2021
Jacob,Heather,Alvarez,1643,741084,2134923,D,2021
Allison,Jessica,Russell,1884,695806,3557102,C,2023
Robert,Jeffrey,Brown,2371,296285,5212566,A,2020
Nicole,Joyce,Wright,4377,569586,8556068,D,2023
Misty,Michael,Pierce,8929,549664,9647981,D,2020
Anthony,David,Bender,4392,769953,6191124,C,2022
Theresa,Thomas,Obrien,5777,283646,8138069,C,2023
Tina,Christopher,Nelson,5624,640972,1067805,D,2023
Thomas,Carmen,Martinez,7912,238734,4206038,B,2020
Gail,Veronica,Pruitt,3930,538039,3945850,A,2021
Jacob,Laura,Edwards,1434,998843,1148701,A,2022
Rick,Heather,Willis,5360,357360,8540834,A,2020
Todd,Jane,Shelton,7433,917839,4659267,D,2022
Sharon,Ronald,Davis,5822,804443,5558154,D,2020
Kyle,Michael,Sweeney,6502,285095,5574228,D,2020
Timothy,Sara,Proctor,2723,243700,9995599,D,2020
Erica,Stacie,Fisher,8424,643203,5114053,A,2020
Misty,Randy,Johnson,9502,214620,3425921,A,2023
Matthew,Bradley,Cervantes,6892,558652,2348073,C,2020
Heidi,Anthony,Thomas,6555,672386,9731003,D,2022
Daniel,Whitney,Brown,3484,478416,7230978,D,2021
Alison,Stacey,Harrington,4641,629870,7639854,C,2021
Ann,Kyle,Ellis,4522,894060,9686764,B,2021
Kristen,Jamie,Miller,6107,709062,2125476,B,2020
Tiffany,Cameron,Thompson,8101,685940,2582850,C,2023
Jacob,Darius,Ramirez,8940,114132,1500233,D,2021
Eric,Jenna,Barnes,5301,690033,6675793,A,2023
Stephen,Amanda,White,1640,448800,8125492,B,2020
Carmen,Debbie,Carter,5360,787074,9518218,C,2021
Jonathan,Justin,Hunt,2726,102726,7766165,B,2020
Erin,Sara,Jones,3903,868502,2978295,A,2021
Taylor,Jesse,Lopez,3207,529667,6796656,A,2021
Lori,Christopher,Brock,1077,333350,9435673,B,2020
Richard,Deborah,Gibson,2806,557545,4045382,D,2021
James,Valerie,Lee,7474,703743,3157741,D,2021
Kelly,Jason,Green,5441,950143,8276707,C,2021
Eric,Jennifer,Oconnor,6378,977027,1018322,A,2020
Deanna,Robert,Cook,1639,247720,6504543,A,2023
Dylan,Jennifer,Cortez,8763,307824,4958635,D,2021
Antonio,Daniel,Harper,9953,872750,7545871,D,2023
Amanda,David,Rogers,1803,406135,7179439,C,2021
Danielle,Christine,Swanson,9939,187468,4170981,B,2021
Jeffrey,Shannon,Bryan,1857,296777,2562559,B,2021
Amy,Elizabeth,Conner,6156,432843,9890453,A,2022
Sarah,Angela,Smith,8904,640612,4424507,D,2023
Rachel,Nathan,Frazier,2866,716078,5470674,A,2022
Mary,Nicholas,Reed,1252,811329,9418893,A,2020
Zachary,Robert,Knapp,3376,173315,3375218,A,2023
Jacob,Stephanie,Sanders,5078,591944,7290582,D,2020
Karen,Alyssa,Sanchez,4975,992059,3518437,A,2021
Albert,Nicholas,Webb,8556,539848,7137888,A,2023
Heidi,Michael,Walker,8903,755329,9501511,A,2021
Ricardo,Tonya,Gray,1305,544363,4694760,C,2023
Michael,Sherry,Reyes,6471,440427,3163983,D,2022
Chelsea,Earl,Holt,3614,801150,8472794,A,2020
Karina,Wendy,Bryan,9209,716378,1860282,A,2023
Jennifer,Traci,Price,4892,168837,9423336,D,2023
Michael,Audrey,Cooper,5263,811803,6089333,C,2023
Meghan,Jill,Mason,4888,531308,2752051,D,2021
Michael,Cynthia,Morris,9301,623018,8296565,C,2023
Brianna,April,Hess,1003,468663,7021753,D,2021
David,Adam,Fuller,7109,296597,6645610,A,2023
Breanna,Melanie,Thompson,8607,368481,8410425,B,2021
Vanessa,Kayla,Davidson,2204,656752,5569886,D,2022
Mary,Hannah,Salas,2800,658102,4021858,A,2023
Angela,Theresa,Arroyo,7136,710423,7435063,A,2023
Carrie,Jacob,Howell,6790,459792,4818513,B,2023
Sheri,Brian,Thompson,2146,726375,2533221,A,2021
Amy,Gerald,Jones,5775,393830,6058074,C,2022
Carlos,Carolyn,Munoz,2516,577389,1583424,C,2022
Rachel,Adam,Sanchez,9700,200193,2308989,D,2023
Carrie,Jennifer,Freeman,3703,126599,3765948,A,2020
Michelle,Amber,Johnson,4422,708681,7205225,B,2023
Patrick,Anthony,Harris,5140,571862,1196323,C,2021
Lindsey,Lindsey,Jackson,3423,856202,4657575,B,2022
Clarence,Angelica,Montoya,1437,228607,3235851,B,2022
John,Ross,Barnett,4841,215295,1945852,C,2020
James,Michael,Taylor,4538,572130,9016270,D,2020
Danielle,Brian,Lane,8088,717105,5130557,C,2021
Misty,Raymond,Allison,3245,205104,7996138,A,2021
Elizabeth,James,Smith,3247,175198,4417332,C,2022
Mackenzie,Melissa,Valenzuela,5034,257324,3952747,A,2023
Stacey,Amy,Martinez,2803,801140,1045550,B,2021
Amanda,Daniel,Murray,1390,861815,4989295,A,2022
Daniel,James,King,4716,935276,7160903,C,2021
Cynthia,William,Obrien,7805,966806,3496808,D,2023
Anthony,Scott,Sanchez,4825,206166,5949039,B,2020
John,Heather,Weaver,8146,811096,2549268,D,2020
Michael,Sandra,Russell,8057,797274,3527870,C,2022
Jessica,Larry,Flores,1311,223675,7617432,A,2021
Christopher,James,Gates,7616,994843,3504056,A,2022
Austin,Anthony,Ramirez,9988,247842,1194566,B,2022
Richard,Paul,Woods,2681,803774,8118748,B,2020
Erica,Katie,Ruiz,3755,590877,2318589,B,2020
Cameron,Denise,Davis,3077,987403,4938845,D,2020
Danny,James,Morgan,6511,948021,9953573,B,2022
Theodore,Ryan,Brady,2453,622191,1476158,D,2021
Kevin,Brittany,Walker,3204,952751,1540970,B,2020
Deborah,Katie,Bell,4510,729676,8563265,A,2022
Pamela,David,Aguilar,7164,310247,8267982,B,2020
Brad,Melissa,Blackburn,9496,764064,4838489,B,2022
Juan,Justin,Thompson,1250,729732,5231526,A,2022
Mark,Robert,Brown,8638,824995,6317913,D,2021
Kelly,Ryan,Gonzalez,3831,164731,7161906,B,2022
Kathleen,William,Ross,8670,948785,9851274,D,2023
Christopher,Alexis,Cook,3364,176375,2655530,D,2020
Samuel,Nicholas,Patel,9188,767729,6728036,A,2020
Duane,Lawrence,Simmons,5150,424104,2271492,C,2021
Zachary,Samuel,Burke,2367,965965,4445766,D,2022
Rachel,Travis,Richards,3817,375242,9682760,A,2023
Stephanie,Robert,Miles,8268,769993,7239727,D,2023
David,Anthony,Sosa,8791,234733,3971135,B,2023
Lindsay,Sierra,Adkins,1528,468078,9438445,B,2023
Isabel,Joseph,Murray,6955,217042,1074484,B,2022
Lindsey,Amy,Garcia,5113,955784,8932764,C,2022
Brian,Ashley,Fitzpatrick,2262,222595,2414781,B,2020
Katherine,Brian,Gutierrez,6226,159722,8843478,D,2020
Kristy,Susan,Clarke,5685,348179,6948053,B,2020
Alejandro,James,Johnson,2449,398423,8295760,A,2023
Pamela,Lauren,Evans,8301,442201,2376050,B,2020
Scott,Erin,Macdonald,6140,708680,3561639,B,2021
Karl,Lisa,Salazar,1777,963498,3477277,B,2021
Michael,Shawn,Butler,1143,212488,5286003,C,2021
Benjamin,Stephanie,Brown,8592,429240,6254715,D,2022
Jason,Sierra,Morrison,6828,967657,3681973,B,2022
Michelle,Madison,Anderson,6034,956208,1183981,B,2023
Robert,Carlos,Hunter,1973,717583,1580864,B,2020
Omar,John,Underwood,7897,893560,9588376,A,2023
Erika,Aaron,Willis,4786,654254,3695520,C,2020
Nicolas,Brianna,Peters,3901,750765,5085189,A,2020
Amanda,Carol,Sherman,2383,682743,7217852,D,2020
Thomas,Kathryn,Ferrell,8454,400630,5181893,A,2021
Stephanie,Taylor,Crawford,1650,742856,5634808,B,2022
Victor,Stephanie,Williams,6311,756088,7134903,B,2022
Ebony,Erika,Sanchez,6224,730036,1936932,C,2021
Billy,Bruce,Sellers,6147,627764,2490790,D,2022
Aaron,Thomas,Hoffman,6223,768509,7169679,D,2020
Jonathan,Eric,Smith,5624,933079,5239411,C,2022
Theresa,Kevin,White,2866,953531,1320139,A,2021
Robert,Melvin,Martin,7084,835187,8284719,D,2021
Jessica,Tiffany,Brady,1518,631795,7224061,C,2020
Robert,John,Miller,1717,482823,7058715,D,2020
William,Mike,Bennett,6944,680709,7829132,A,2023
Carol,Jerry,Barrett,3029,818840,6954426,A,2023
Crystal,Justin,Alvarez,1009,418561,9233510,A,2020
Carolyn,Amanda,Morales,8549,130174,2361483,A,2021
Renee,Matthew,Mcgee,9575,112237,3274563,D,2022
Joseph,Joseph,Hunter,3170,200408,8423474,C,2020
Kimberly,Caleb,Campbell,1016,878051,8288497,A,2022
Karen,Jennifer,Hays,6079,156803,7055641,C,2020
Antonio,Mackenzie,Wilson,2051,109913,9103890,B,2022
Anthony,Emily,Thomas,7981,227422,9933200,C,2023
Andrew,John,Bush,8665,991156,9620743,B,2022
Bonnie,Lindsay,Gonzalez,9091,788604,9987905,A,2020
Alexander,Jocelyn,Byrd,5383,224697,5793696,D,2022
Joshua,Amy,Turner,7302,574146,6357496,D,2021
Aaron,Matthew,Mckenzie,3802,301717,1510196,B,2020
Joshua,Virginia,Jackson,7849,553604,5059006,D,2020
Christian,Robert,Mccarthy,4929,573370,2190651,B,2021
Lisa,Jane,Lewis,8757,129997,2822543,B,2020
Jennifer,Sheryl,Williams,1298,448099,2754678,D,2021
Nicole,Ashley,Willis,6970,805381,7036454,D,2023
Amy,Brittany,Hill,3297,529333,3244763,B,2022
Matthew,John,Delgado,3150,869337,3440446,B,2022
Ruth,Austin,Ellis,3527,110869,9612904,C,2021
April,Sara,Parsons,9047,771094,7447696,C,2022
Dawn,Alexis,Walker,1489,801400,4237556,B,2020
William,Heather,Lane,6660,858084,3125742,C,2022
Angela,Kenneth,Dixon,7768,585815,4386965,C,2023
Cheryl,George,Ortega,1155,111459,2356117,A,2022
Brian,Elizabeth,Koch,3666,597710,7309884,C,2020
Bernard,Elizabeth,Cook,1600,877764,4191675,B,2022
Jeffrey,Daniel,Farmer,9754,940781,5552206,B,2021
Melissa,Rebecca,Gardner,6512,390593,6565509,C,2023
Bridget,Michael,Flynn,5257,507700,9638327,D,2020
Nathan,Cheryl,Proctor,7429,786570,2835022,A,2022
Caleb,Adam,David,3499,222951,1456580,B,2022
Anita,Jennifer,Potter,1919,390921,9876864,C,2022
Ashley,Donna,Matthews,3196,153202,7986594,C,2020
Amy,Jeremy,Hall,4600,632643,2249059,D,2022
Spencer,Kevin,Hernandez,4316,637669,7455750,A,2022
Anthony,Aaron,Norris,2433,848920,2587250,D,2020
Sharon,Emily,Scott,5421,707287,8688255,C,2022
Melissa,Mitchell,Patel,9224,829682,2894089,C,2023
Blake,Jacob,Dalton,1159,374565,9633688,C,2020
Zachary,Michael,Pugh,8024,107065,1601522,A,2023
Mary,Joshua,Harrington,8551,342768,6007288,A,2021
Ashley,Victoria,Adams,9639,519301,2645268,A,2022
Brittany,Tommy,Gardner,7413,264647,4129657,D,2023
Kelly,Curtis,Branch,4013,543543,2729118,A,2022
Craig,John,Carson,8390,672191,1250029,A,2020
Jeffrey,Daniel,Cortez,6680,308723,8679246,C,2021
Ian,Margaret,Rodriguez,4474,164551,8548595,A,2021
Ricky,Robert,Ware,6253,215118,1708969,C,2022
Christopher,Timothy,Greene,8995,644193,1970114,C,2022
Jessica,Kimberly,Taylor,8106,735711,9733590,B,2022
Marc,Jessica,Montgomery,4086,947177,2959369,A,2021
Jacob,Robert,Ray,7222,352836,6519976,A,2023
Victoria,Stacy,Case,5712,155510,6539109,A,2020
Steven,Lisa,Jones,2286,633596,5287663,B,2021
Sue,John,Mora,1795,434332,4612650,A,2023
Karen,Christopher,Mitchell,3490,478080,8243774,C,2022
Stephanie,Stephanie,Thompson,8186,369103,4423546,B,2023
Richard,Adam,Arnold,5006,386431,6493600,C,2021
Jose,Parker,Williams,8526,323855,3917637,A,2020
Tim,Ronald,Gilbert,2168,558630,9353487,C,2020
Tina,Pamela,Wong,3619,513669,2883219,B,2022
Anthony,Lauren,Conley,2660,772548,5301548,D,2023
Carmen,Mary,Johnson,7106,912390,9553356,A,2023
Amy,Ryan,Bell,9661,925186,5185185,D,2022
Laura,Brenda,Castillo,6699,454055,2693624,B,2020
Tracey,Lisa,Higgins,2437,561947,2549016,D,2021
Lisa,Ruben,Kelley,2802,476882,1085718,A,2021
Peter,Melissa,Sanders,2435,416581,2696060,C,2022
Albert,James,Marsh,6730,583921,5971553,A,2023
Amanda,Tamara,Vargas,2169,134101,9366102,C,2020
Julie,Ryan,Conner,9652,957267,6350139,C,2020
Robert,Eduardo,Harris,3092,995563,3685604,C,2023
Jonathan,Victoria,Carter,5075,878474,5855446,A,2021
Jaclyn,Melanie,Stafford,3605,258449,9800751,A,2020
Cheryl,Michelle,Washington,2929,644051,2682379,D,2022
David,Sarah,Higgins,1367,451988,5025429,B,2020
Jennifer,Patrick,Johnson,2757,296489,6090259,C,2020
Timothy,Pamela,Brock,6753,250577,2987171,A,2023
Scott,John,Young,8688,314777,6203919,B,2021
Patricia,Carolyn,Bonilla,1450,307320,9885859,D,2023
Donald,John,Wilkerson,6670,999377,7107536,C,2020
Krista,Sydney,Snow,1735,961995,7078063,B,2020
Ricky,Andrew,Hampton,2904,398916,7861245,A,2021
John,Kimberly,Ramsey,5665,418459,1835625,C,2020
Henry,Jonathan,Cannon,3102,126477,9646510,A,2021
Drew,Paul,Stokes,1341,387287,6733642,C,2023
Shawn,William,Garza,2275,729304,3933504,A,2021
Yolanda,Jeffrey,Woodard,7186,713952,2782800,C,2020
Christopher,Andrew,Howard,4310,677840,8997571,C,2020
Douglas,Robert,Reynolds,2942,884569,7057609,D,2022
Brian,Taylor,Rodriguez,7487,173732,7249554,D,2020
Ronald,Donald,Oneill,6284,525231,7319137,A,2023
Tammy,Bryan,Hill,8029,311447,5449361,D,2020
Cindy,Daniel,Rosales,3745,281736,1775784,D,2022
Megan,Alfred,Davis,2021,148362,6248760,C,2023
Jeffrey,Henry,Mclean,1437,194138,4046109,D,2023
Brian,Zoe,Gonzalez,5635,839162,6797930,A,2022
Keith,Ricky,Allen,9103,476931,5366851,D,2021
Jacob,Linda,Perry,7113,251310,7897528,B,2022
Thomas,Rachel,Torres,4805,923716,6274610,C,2020
Charlotte,Jason,Graham,9755,937640,7221558,B,2021
Brandon,Brittney,Rich,1382,975860,5428592,D,2022
Christopher,Justin,Powell,2250,633948,8800638,B,2023
Kevin,Jose,Frank,4663,782183,3988316,A,2023
Kayla,Matthew,Summers,6758,508311,9792672,B,2020
Melissa,Kristie,Taylor,7723,727640,4629656,B,2020
Andrew,Brooke,Williams,8990,942745,9927427,B,2021
Lindsey,Kelly,Ortiz,6182,986281,5872940,A,2021
William,Erica,White,7561,109578,9341072,B,2021
Jonathan,Ashley,Brewer,1679,777629,7328236,D,2023
Kathryn,Morgan,Jones,5189,167634,5206934,C,2023
Kimberly,John,Taylor,5757,205169,5448660,D,2023
Victor,Laura,Phillips,5730,777578,9780126,D,2023
Tabitha,Jessica,Reid,5555,394706,4240369,C,2022
Eric,Robert,Reid,8021,853324,5194610,D,2020
Sharon,Amy,Steele,5052,630296,4057425,C,2020
Kristin,John,Jackson,2273,198968,1074397,D,2021
Ian,Sarah,Gilbert,3287,875907,1719858,D,2022
Jeremy,Kenneth,Mcpherson,6424,118782,5919302,D,2021
Angel,Erin,Collier,5654,223965,9043447,D,2022
Michael,Michael,Benjamin,3780,543102,5909559,C,2020
Alexandra,Christopher,Williams,7708,292565,2389508,C,2022
Laura,Valerie,Thomas,5068,740729,6753432,A,2023
Brady,Katherine,Gentry,2945,970620,4831802,C,2020
Brandy,Linda,Petty,2960,116856,5564451,C,2023
George,Bradley,Alvarez,6750,249616,8878352,C,2022
Jeremy,Micheal,Gonzalez,9060,387466,6463421,B,2023
David,Amanda,Navarro,2427,825750,8986228,D,2020
Kathy,Susan,Arnold,9819,328740,8056529,B,2023
Justin,William,Mitchell,3015,502729,1027253,D,2023
Tina,Jessica,Sullivan,3809,913454,7132301,A,2022
Kevin,Anthony,Harrison,5201,405299,4990171,C,2020
Jonathan,Carla,Stone,3464,842510,2984367,B,2022
Ryan,Jo,Williams,6161,311404,4107726,D,2020
Andrew,Jennifer,Alexander,3584,208906,5973306,A,2022
Abigail,Sara,Mendoza,8118,708643,2271419,B,2022
Wayne,Eric,Singleton,2016,771357,9703883,B,2021
Amanda,Tiffany,Colon,5644,698228,6023089,A,2022
Adam,Evelyn,Taylor,4595,895084,1437301,C,2022
Steve,Aaron,Robinson,4417,729549,6906122,C,2022
Ethan,Jacob,Wilson,7779,964926,8627800,C,2020
Ashley,Anthony,Conley,7589,102364,8255999,A,2020
Glenn,Sarah,Hammond,2247,616148,3886437,A,2020
Rachel,Bobby,Carney,2695,612254,5255765,D,2020
Jade,Dennis,Luna,1913,307766,3323192,D,2021
Tammy,Christine,Miller,6374,455062,9610338,C,2021
Damon,Amanda,Owens,2369,208092,8136759,A,2021
Tom,Eric,Vasquez,3539,234378,8944261,A,2020
John,Benjamin,Jenkins,6493,273997,2614822,D,2023
John,Damon,Kim,2685,189440,3017790,A,2021
Linda,Scott,Hays,6229,256268,8421993,A,2020
Rodney,Jamie,Conner,4008,924771,6510138,C,2022
Christopher,Andrew,Carpenter,7609,375003,4517895,D,2023
Cody,John,Martinez,2149,511875,5744154,B,2021
Barry,Kristi,Miller,9413,838887,2595231,C,2020
Christopher,Christine,Thompson,6984,887270,3678333,C,2020
Gabriel,Vincent,Rojas,8602,696547,7195206,C,2021
Kelly,Julie,Jackson,6390,645089,7138163,B,2023
Matthew,Lisa,Flores,2365,158560,8724953,A,2020
Robert,Stephen,Tyler,9301,493339,9625215,A,2022
Natasha,Brandon,Taylor,7265,403087,4241546,C,2021
Ronald,Laurie,Miller,3532,694181,4689258,B,2022
Sherry,Carrie,Bailey,9169,389963,8306322,C,2020
Jonathan,Robert,Barajas,7784,429150,8662470,D,2023
Christopher,Nathan,Zamora,7611,265749,1218451,D,2022
Cynthia,Kyle,Hughes,4249,524562,3209071,B,2020
Nancy,Maureen,Allen,8258,572648,7959400,A,2020
Christina,Stephanie,Weber,2854,127110,5566473,A,2021
Paul,Alexander,Reyes,7197,862166,2909090,B,2021
Ryan,Amy,Buckley,6830,428855,2742795,C,2022
George,Andrew,Barton,7387,807407,8682141,C,2022
Hector,James,Waller,2765,726702,2838704,D,2023
Chad,Daniel,Burton,8324,606395,4024468,A,2023
Laura,Carla,Riddle,7629,961927,9512556,C,2020
Pamela,Omar,Greene,9296,817034,1523680,D,2020
Karen,Tara,Lucas,2759,907554,6152377,C,2023
Michele,Lori,Walker,9827,256219,3365565,A,2023
Heather,Devon,Reeves,5382,593928,3955014,A,2023
Scott,Jonathan,Wallace,7718,674808,9027243,B,2023
Richard,Joseph,Jones,9388,496849,7424185,A,2021
Jill,Amy,Acevedo,7195,809614,1139909,A,2022
Darryl,Victor,Reese,4487,146830,2224229,C,2022
Nicole,Sarah,Mcdonald,7121,534746,2476440,A,2022
Jesse,Stacie,Monroe,8403,590354,2243756,B,2021
Melissa,Sara,Phillips,8022,346758,9329331,A,2021
Chloe,Lisa,Jarvis,9108,402700,9650912,C,2023
John,Jennifer,Garcia,2392,616792,4766577,A,2023
Dawn,Susan,Johnson,2835,733791,9913401,C,2023
Sabrina,Austin,Hanson,7443,101136,8857246,A,2020
Cody,Kevin,Hall,4220,680353,5273415,D,2020
Jennifer,Cindy,Perez,1441,490010,7178953,A,2020
Holly,Justin,Morales,5152,469399,6894528,A,2021
George,Monique,Hunt,7932,801722,5186694,C,2023
Chloe,Lisa,Harris,4215,987193,7417851,A,2021
Jerry,Andrew,Riley,8122,124943,6384996,C,2020
Lisa,Colleen,Lucas,2190,615075,3855201,A,2023
Patrick,Amy,Brady,7283,768141,7923746,B,2023
Tonya,Sabrina,Cole,7758,839089,7600827,C,2021
Michelle,Joshua,Johnson,8184,565444,5739845,C,2020
Colleen,Jonathan,Wilcox,6517,295654,1847020,A,2022
Adam,Heather,Rodriguez,3749,284286,6983892,A,2020
Timothy,Laura,Jordan,9141,423487,3085985,C,2022
Sheila,Jonathan,Norton,3129,944480,6833098,D,2023
Leslie,Tamara,Smith,1253,715198,1459157,A,2022
Karen,Lori,Ingram,6065,192032,6154288,C,2022
James,Sara,Perry,3309,263100,5076952,C,2022
Christopher,Carol,Turner,5578,396905,2759040,D,2020
Angela,Warren,Jones,4204,984735,5853496,A,2020
Jacqueline,Michael,Mcmillan,7834,482454,1937727,D,2023
Kathryn,Donald,Guzman,4059,954069,6181420,A,2020
Rodney,Elaine,Horton,9504,533673,7394280,D,2022
Joel,Barbara,Johnson,2942,121095,5954391,D,2021
Steven,Roy,Stanley,9464,875924,8381916,C,2020
Colleen,Bradley,Maxwell,7387,792219,1081874,D,2022
